{
"lengthUnit": "mil",
"remark": ["fly_line"],
"components": {
	"fields": ["COMPONENT_NO", "COMPONENT_NAME", "LAYER", "X_COORDINATE", "Y_COORDINATE", "ANGLE"],
	"rows": [
		[1, "1", "B", 3145, 930, 90],
		[2, "C1", "B", 3255, -75, 180],
		[3, "LED1", "T", 715, 1405, 0],
		[4, "R1", "B", 3420, -75, 180],
		[5, "U1", "B", 3560, -70, 180],
		[6, "PAD1", "B", 3688, 919, 0],
		[7, "PAD2", "B", 3533.11, 969.33, 0],
		[8, "PAD3", "B", 3227.44, -75, 0],
		[9, "PAD4", "B", 3282.56, -75, 0],
		[10, "PAD5", "T", 673.65, 1405, 0],
		[11, "PAD6", "T", 756.35, 1405, 0],
		[12, "PAD7", "B", 3390.34, -75, 0],
		[13, "PAD8", "B", 3449.66, -75, 0],
		[14, "PAD9", "B", 3560, -46.38, 0],
		[15, "PAD10", "B", 3536.38, -50.32, 0],
		[16, "PAD11", "B", 3536.38, -70, 0],
		[17, "PAD12", "B", 3536.38, -89.69, 0],
		[18, "PAD13", "B", 3560, -93.62, 0],
		[19, "PAD14", "B", 3583.62, -89.68, 0],
		[20, "PAD15", "B", 3583.62, -70, 0],
		[21, "PAD16", "B", 3583.62, -50.32, 0]
	]
},
"pins": {
	"fields": ["PIN_NO", "PIN_NAME", "PIN_X", "PIN_Y", "LAYER", "PIN_TYPE", "NET_NAME", "NET_TYPE", "PAD_SHAPE", "PAD_SIZEX", "PAD_SIZEY", "HOLE_SIZE", "HOLE_LEN", "PAD_ANGLE"],
	"rows": [
		[1, "1_P$1", 3688, 919, "B", "SMD", "U1_8", "", "C", 11.811, 11.811, 0, 0, 90],
		[2, "1_P$2", 3533.11, 969.33, "B", "SMD", "U1_1", "", "C", 11.811, 11.811, 0, 0, 90],
		[3, "C1_1", 3282.56, -75, "B", "SMD", "U1_2", "", "R", 31.496, 35.433, 0, 0, 180],
		[4, "C1_2", 3227.44, -75, "B", "SMD", "U1_7", "", "R", 31.496, 35.433, 0, 0, 180],
		[5, "LED1_1", 756.35, 1405, "T", "SMD", "LED1_1", "", "R", 39.37, 55.1, 0, 0, 180],
		[6, "LED1_2", 673.65, 1405, "T", "SMD", "U1_2", "", "R", 39.37, 55.1, 0, 0, 180],
		[7, "R1_1", 3449.66, -75, "B", "SMD", "LED1_1", "", "R", 31.751, 34.016, 0, 0, 180],
		[8, "R1_2", 3390.34, -75, "B", "SMD", "U1_7", "", "R", 31.751, 34.016, 0, 0, 180],
		[9, "U1_1", 3583.62, -50.32, "B", "SMD", "U1_1", "", "R", 15.748, 11.024, 0, 0, 180],
		[10, "U1_2", 3583.62, -70, "B", "SMD", "U1_2", "", "R", 15.748, 8.661, 0, 0, 180],
		[11, "U1_3", 3583.62, -89.68, "B", "SMD", "U1_3", "", "R", 15.748, 8.661, 0, 0, 180],
		[12, "U1_4", 3560, -93.62, "B", "SMD", "U1_4", "", "R", 15.748, 8.661, 0, 0, 90],
		[13, "U1_5", 3536.38, -89.69, "B", "SMD", "U1_5", "", "R", 15.748, 8.661, 0, 0, 180],
		[14, "U1_6", 3536.38, -70, "B", "SMD", "U1_7", "", "R", 15.748, 8.661, 0, 0, 180],
		[15, "U1_7", 3536.38, -50.32, "B", "SMD", "U1_7", "", "R", 15.748, 8.661, 0, 0, 180],
		[16, "U1_8", 3560, -46.38, "B", "SMD", "U1_8", "", "R", 15.748, 8.661, 0, 0, 90],
		[17, "PAD1_P$1", 3688, 919, "B", "SMD", "U1_8", "", "C", 11.811, 11.811, 0, 0, 90],
		[18, "PAD2_P$2", 3533.11, 969.33, "B", "SMD", "U1_1", "", "C", 11.811, 11.811, 0, 0, 90],
		[19, "PAD3_2", 3227.44, -75, "B", "SMD", "U1_7", "", "R", 31.496, 35.433, 0, 0, 180],
		[20, "PAD4_1", 3282.56, -75, "B", "SMD", "U1_2", "", "R", 31.496, 35.433, 0, 0, 180],
		[21, "PAD5_2", 673.65, 1405, "T", "SMD", "U1_2", "", "R", 39.37, 55.1, 0, 0, 180],
		[22, "PAD6_1", 756.35, 1405, "T", "SMD", "LED1_1", "", "R", 39.37, 55.1, 0, 0, 180],
		[23, "PAD7_2", 3390.34, -75, "B", "SMD", "U1_7", "", "R", 31.751, 34.016, 0, 0, 180],
		[24, "PAD8_1", 3449.66, -75, "B", "SMD", "LED1_1", "", "R", 31.751, 34.016, 0, 0, 180],
		[25, "PAD9_8", 3560, -46.38, "B", "SMD", "U1_8", "", "R", 15.748, 8.661, 0, 0, 90],
		[26, "PAD10_7", 3536.38, -50.32, "B", "SMD", "U1_7", "", "R", 15.748, 8.661, 0, 0, 180],
		[27, "PAD11_6", 3536.38, -70, "B", "SMD", "U1_7", "", "R", 15.748, 8.661, 0, 0, 180],
		[28, "PAD12_5", 3536.38, -89.69, "B", "SMD", "U1_5", "", "R", 15.748, 8.661, 0, 0, 180],
		[29, "PAD13_4", 3560, -93.62, "B", "SMD", "U1_4", "", "R", 15.748, 8.661, 0, 0, 90],
		[30, "PAD14_3", 3583.62, -89.68, "B", "SMD", "U1_3", "", "R", 15.748, 8.661, 0, 0, 180],
		[31, "PAD15_2", 3583.62, -70, "B", "SMD", "U1_2", "", "R", 15.748, 8.661, 0, 0, 180],
		[32, "PAD16_1", 3583.62, -50.32, "B", "SMD", "U1_1", "", "R", 15.748, 11.024, 0, 0, 180]
	]
}
}