{
"lengthUnit": "mil",
"remark": [],
"components": {
	"fields": ["COMPONENT_NO", "COMPONENT_NAME", "LAYER", "X_COORDINATE", "Y_COORDINATE", "ANGLE"],
	"rows": [
		[1, "1", "T", 3165, 915, 90],
		[2, "C1", "T", 2300, -105, 180],
		[3, "LED1", "T", 655, 145, 0],
		[4, "LED2", "T", 715, 1400, 0],
		[5, "R1", "T", 2430, -105, 180],
		[6, "R2", "T", 2560, -105, 0],
		[7, "U1", "T", 2515, 895, 0],
		[8, "PAD1", "T", 2272.44, -105, 0],
		[9, "PAD2", "T", 2327.56, -105, 0],
		[10, "PAD3", "T", 2400.34, -105, 0],
		[11, "PAD4", "T", 2459.66, -105, 0],
		[12, "PAD5", "T", 686.475, 145.005, 0],
		[13, "PAD6", "T", 623.525, 144.995, 0],
		[14, "PAD7", "T", 673.65, 1400, 0],
		[15, "PAD8", "T", 756.35, 1400, 0],
		[16, "PAD9", "T", 2589.66, -105, 0],
		[17, "PAD10", "T", 2530.34, -105, 0],
		[18, "PAD11", "T", 2491.38, 895, 0],
		[19, "PAD12", "T", 2495.32, 920.59, 0],
		[20, "PAD13", "T", 2515, 920.59, 0],
		[21, "PAD14", "T", 2515, 869.41, 0],
		[22, "PAD15", "T", 2495.32, 869.41, 0],
		[23, "PAD16", "T", 2622, 904, 0],
		[24, "PAD17", "T", 2776.89, 954.33, 0]
	]
},
"pins": {
	"fields": ["PIN_NO", "PIN_NAME", "PIN_X", "PIN_Y", "LAYER", "PIN_TYPE", "NET_NAME", "NET_TYPE", "PAD_SHAPE", "PAD_SIZEX", "PAD_SIZEY", "HOLE_SIZE", "HOLE_LEN", "PAD_ANGLE"],
	"rows": [
		[1, "1_P$1", 2622, 904, "T", "SMD", "$1N1442", "", "C", 11.811, 11.811, 0, 0, 90],
		[2, "1_P$2", 2776.89, 954.33, "T", "SMD", "$1N1449", "", "C", 11.811, 11.811, 0, 0, 90],
		[3, "C1_1", 2327.56, -105, "T", "SMD", "$1N744", "", "R", 31.496, 35.433, 0, 0, 180],
		[4, "C1_2", 2272.44, -105, "T", "SMD", "$1N733", "", "R", 31.496, 35.433, 0, 0, 180],
		[5, "LED1_1", 623.525, 144.995, "T", "SMD", "$1N744", "", "R", 31.496, 31.496, 0, 0, 90],
		[6, "LED1_2", 686.475, 145.005, "T", "SMD", "$1N231", "", "R", 31.496, 31.496, 0, 0, 90],
		[7, "LED2_1", 756.35, 1400, "T", "SMD", "$1N713", "", "R", 39.37, 55.1, 0, 0, 180],
		[8, "LED2_2", 673.65, 1400, "T", "SMD", "$1N744", "", "R", 39.37, 55.1, 0, 0, 180],
		[9, "R1_1", 2459.66, -105, "T", "SMD", "$1N231", "", "R", 31.751, 34.016, 0, 0, 180],
		[10, "R1_2", 2400.34, -105, "T", "SMD", "$1N733", "", "R", 31.751, 34.016, 0, 0, 180],
		[11, "R2_1", 2530.34, -105, "T", "SMD", "$1N713", "", "R", 31.751, 34.016, 0, 0, 0],
		[12, "R2_2", 2589.66, -105, "T", "SMD", "$1N733", "", "R", 31.751, 34.016, 0, 0, 0],
		[13, "U1_1", 2495.32, 869.41, "T", "SMD", "$1N1449", "", "R", 19.685, 11.024, 0, 0, 90],
		[14, "U1_2", 2515, 869.41, "T", "SMD", "$1N744", "", "R", 19.685, 11.024, 0, 0, 90],
		[15, "U1_3", 2534.68, 869.41, "T", "SMD", "NET_1", "", "R", 19.685, 11.024, 0, 0, 90],
		[16, "U1_4", 2538.62, 895, "T", "SMD", "NET_2", "", "R", 17.717, 11.811, 0, 0, 180],
		[17, "U1_5", 2534.69, 920.59, "T", "SMD", "NET_3", "", "R", 19.685, 11.024, 0, 0, 90],
		[18, "U1_6", 2515, 920.59, "T", "SMD", "$1N733", "", "R", 19.685, 11.024, 0, 0, 90],
		[19, "U1_7", 2495.32, 920.59, "T", "SMD", "$1N733", "", "R", 19.685, 11.024, 0, 0, 90],
		[20, "U1_8", 2491.38, 895, "T", "SMD", "$1N1442", "", "R", 17.717, 11.811, 0, 0, 180],
		[21, "PAD1_2", 2272.44, -105, "T", "SMD", "$1N733", "", "R", 31.496, 35.433, 0, 0, 180],
		[22, "PAD2_1", 2327.56, -105, "T", "SMD", "$1N744", "", "R", 31.496, 35.433, 0, 0, 180],
		[23, "PAD3_2", 2400.34, -105, "T", "SMD", "$1N733", "", "R", 31.751, 34.016, 0, 0, 180],
		[24, "PAD4_1", 2459.66, -105, "T", "SMD", "$1N231", "", "R", 31.751, 34.016, 0, 0, 180],
		[25, "PAD5_2", 686.475, 145.005, "T", "SMD", "$1N231", "", "R", 31.496, 31.496, 0, 0, 90],
		[26, "PAD6_1", 623.525, 144.995, "T", "SMD", "$1N744", "", "R", 31.496, 31.496, 0, 0, 90],
		[27, "PAD7_2", 673.65, 1400, "T", "SMD", "$1N744", "", "R", 39.37, 55.1, 0, 0, 180],
		[28, "PAD8_1", 756.35, 1400, "T", "SMD", "$1N713", "", "R", 39.37, 55.1, 0, 0, 180],
		[29, "PAD9_2", 2589.66, -105, "T", "SMD", "$1N733", "", "R", 31.751, 34.016, 0, 0, 0],
		[30, "PAD10_1", 2530.34, -105, "T", "SMD", "$1N713", "", "R", 31.751, 34.016, 0, 0, 0],
		[31, "PAD11_8", 2491.38, 895, "T", "SMD", "$1N1442", "", "R", 17.717, 11.811, 0, 0, 180],
		[32, "PAD12_7", 2495.32, 920.59, "T", "SMD", "$1N733", "", "R", 19.685, 11.024, 0, 0, 90],
		[33, "PAD13_6", 2515, 920.59, "T", "SMD", "$1N733", "", "R", 19.685, 11.024, 0, 0, 90],
		[34, "PAD14_2", 2515, 869.41, "T", "SMD", "$1N744", "", "R", 19.685, 11.024, 0, 0, 90],
		[35, "PAD15_1", 2495.32, 869.41, "T", "SMD", "$1N1449", "", "R", 19.685, 11.024, 0, 0, 90],
		[36, "PAD16_P$1", 2622, 904, "T", "SMD", "$1N1442", "", "C", 11.811, 11.811, 0, 0, 90],
		[37, "PAD17_P$2", 2776.89, 954.33, "T", "SMD", "$1N1449", "", "C", 11.811, 11.811, 0, 0, 90]
	]
}
}